<?xml version="1.0" encoding="UTF-8"?>
<!DOCTYPE configuration PUBLIC "-//mybatis.org//DTD Config 3.0//EN"
"http://mybatis.org/dtd/mybatis-3-config.dtd">
<configuration>
	<typeAliases>
		<!-- 
		<typeAlias alias="ServiceDto" type="oracle.java.s20180102.model.ServiceDto" /> -->
		<typeAlias alias="ReservDto"    type="oracle.java.s20180102.model.ReservDto" />
		<typeAlias alias="PagingDto"    type="oracle.java.s20180102.model.PagingDto" />
		<typeAlias alias="MemberDto"    type="oracle.java.s20180102.model.MemberDto" />
		<typeAlias alias="PayDto"       type="oracle.java.s20180102.model.PayDto" />
		<typeAlias alias="TourCardDto"  type="oracle.java.s20180102.model.TourCardDto" />
		<typeAlias alias="GServDto"     type="oracle.java.s20180102.model.GServDto" />
		
	</typeAliases>
	<mappers>
		<!-- <mapper resource="mybatis/gService.xml" /> -->
		<mapper resource="mybatis/reservation.xml" /> 
		<mapper resource="mybatis/member.xml" /> 
		<mapper resource="mybatis/payment.xml" /> 
		<mapper resource="mybatis/wishList.xml" /> 
	</mappers>
</configuration>