<?xml version="1.0" encoding="UTF-8" ?>
<!DOCTYPE mapper PUBLIC "-//mybatis.org//DTD Mapper 3.0//EN"
"http://mybatis.org/dtd/mybatis-3-mapper.dtd">
<mapper namespace="GServDto">
  <!-- Use type aliases to avoid typing the full classname every time. -->
  <resultMap id="gServResult" type="GServDto">
    <result property="gNo" column="gNo"/>
    <result property="gServNo" column="gServNo"/>
    <result property="gServTitle" column="gServTitle"/>
    <result property="gServGps" column="gServGps"/>
    <result property="gServLeadTime" column="gServLeadTime"/>
    <result property="gServSub" column="gServSub"/>
    <result property="gServArea" column="gServArea"/>
    <result property="gServPrice" column="gServPrice"/>
    <result property="memSizeMin" column="memSizeMin"/>
    <result property="memSizeMax" column="memSizeMax"/>
    <result property="gServLang" column="gServLang"/>
    <result property="pickUpLoc" column="pickUpLoc"/>
    <result property="gServLang" column="gServLang"/>
    <result property="pickUpTime" column="pickUpTime"/>
    <result property="servTag" column="servTag"/>
    <result property="pInclude" column="pInclude"/>
    <result property="notPInclude" column="notPInclude"/>
    <result property="caution" column="caution"/>
    <result property="gServSDate" column="gServSDate"/>
    <result property="gServEDate" column="gServEDate"/>
    <result property="gServDay" column="gServDay"/>
    <result property="gServCreDate" column="gServCreDate"/>
    <result property="gServFixDate" column="gServFixDate"/>
    <result property="gServLock" column="gServLock"/>
  </resultMap>
  
   <resultMap id="serviceResult" type="ServiceDto">
	    <result property="imgSrc" column="imgSrc"/>
	    <result property="gImg" column="gImg"/>
	    <result property="nickName" column="nickName"/>
	    <result property="gServTitle" column="gServTitle"/>
	    <result property="gServSub" column="gServSub"/>
	    <result property="gServLeadTime" column="gServLeadTime"/>
	    <result property="like" column="like"/>
	    <result property="remainMember" column="remainMember"/>
  </resultMap>
  
  
  
  
   <select id="selWishList" parameterType="java.lang.String" resultMap="serviceResult">
      	
   </select>

</mapper>